exp,city,n,n_total,score,no_at_fault_collisions,drivable_area_compliance,driving_direction_compliance,traffic_light_compliance,ego_progress,time_to_collision_within_bound,lane_keeping,history_comfort,two_frame_extended_comfort
DD-CC-Dv2r-bos,all,12147,12147,0.5581146290235631,0.9021076897744114,0.8173061090070806,0.9585460233821835,0.9934134694549647,0.8711897779566866,0.8859706899390746,0.9008727152972172,0.5135847192491355,0.0036226543566411067
DD-CC-Dv2r-bos,boston,3732,3732,0.5968197716150908,0.887161618868936,0.8702760653980167,0.9828464218708122,0.9906191369606003,0.8963027739923043,0.8683998927901366,0.944518895738408,0.5304207987134817,0.0034845550617028354
DD-CC-Dv2r-bos,pittsburgh,2438,2438,0.4924125426237367,0.9004924086992204,0.7689782519491178,0.892080426754206,0.9938448912597456,0.8681051402662352,0.8896183832581042,0.8469429626590069,0.44973327862125567,0.0012311389185884764
DD-CC-Dv2r-bos,singapore,1915,1915,0.46503446125717157,0.9657784743991641,0.6818181818181819,0.937042842215256,0.9973876698014629,0.7262311972235715,0.955067920585162,0.8119122257053292,0.5297805642633229,0.005747615074442672
DD-CC-Dv2r-bos,vegas,4065,4065,0.605582622597787,0.8773375984251969,0.8649114173228346,0.9878198818897638,0.9940944881889764,0.9189049883232019,0.8565452755905512,0.9409448818897638,0.5359251968503936,0.0031989632651131406
DD-CC-Dv2r-pit,boston,3732,3732,0.5673931865859367,0.910613776467435,0.8086303939962477,0.9538997587778075,0.993835432859823,0.8603924709865508,0.8952023586169928,0.9321897614580542,0.5213079603323505,0.0018762988793784503
DD-CC-Dv2r-pit,pittsburgh,2438,2438,0.5664697914060548,0.9425523184242921,0.8100123102174804,0.9513746409519902,0.9963069347558474,0.8561389974663475,0.9388592531801394,0.8916700861715223,0.46286417726713175,0.004103796395294922
DD-CC-Dv2r-pit,singapore,1915,1915,0.4523381808724594,0.9746603970741902,0.6797283176593522,0.9263322884012539,0.9994775339602926,0.6920030988603151,0.9634273772204807,0.8019853709508882,0.5339602925809822,0.007315146458381582
DD-CC-Dv2r-pit,vegas,4065,4065,0.6293796895668288,0.9153543307086615,0.8609744094488189,0.9781003937007875,0.9980314960629921,0.8905430781310123,0.890748031496063,0.9394685039370079,0.5319881889763779,0.003691111459745931
DD-CC-Dv2r-sin,boston,3732,3732,0.4366297237661993,0.7503350308228357,0.7971053336906995,0.9340659340659341,0.978021978021978,0.8795038752453221,0.7255427499329938,0.9035111230233182,0.4993299383543286,0.002948469667594707
DD-CC-Dv2r-sin,pittsburgh,2438,2438,0.4057198799645951,0.8652031185884284,0.7164546573656134,0.8241690603200656,0.9909725071809603,0.8320901107621851,0.8530980713992615,0.7825194911776775,0.4735330324169061,0.0004103796395294922
DD-CC-Dv2r-sin,singapore,1915,1915,0.5665699642003862,0.9663009404388715,0.8072100313479624,0.9736154649947754,0.9979101358411704,0.74066936177074,0.9602925809822361,0.8834900731452455,0.5229885057471264,0.0031350627678778204
DD-CC-Dv2r-sin,vegas,4065,4065,0.5068316735232505,0.7786663385826772,0.8095472440944882,0.9511564960629921,0.9899114173228346,0.9228485758550128,0.7406496062992125,0.9183070866141733,0.5127952755905512,0.002460740973163954
DD-CC-Dv2r-veg,boston,3732,3732,0.6614765035174984,0.9378182792816939,0.8273921200750469,0.9690431519699811,0.9919592602519431,0.8476560404603121,0.9153042079871347,0.9276333422674886,0.9788260519967837,0.18897010142311532
DD-CC-Dv2r-veg,pittsburgh,2438,2438,0.5474079416444071,0.9302421009437833,0.7459991793188346,0.8748461222814935,0.9958965941731638,0.8088572355289296,0.9179318834632745,0.8178087812884695,0.9610176446450553,0.18549159706733048
DD-CC-Dv2r-veg,singapore,1915,1915,0.504146546351693,0.9642110762800418,0.6666666666666667,0.9412225705329154,0.9973876698014629,0.6627532960689094,0.9582027168234065,0.7727272727272727,0.9869383490073145,0.280065607263752
DD-CC-Dv2r-veg,vegas,4065,4065,0.8458552545054833,0.9863435039370079,0.9707185039370079,1.0,0.9987696850393701,0.9011773633237273,0.9776082677165355,0.985236220472441,0.9894192913385826,0.21703735383306078
DD-CC-IJSr-bos,all,12147,12147,0.592298874299606,0.9303062736703441,0.8379713485921291,0.9615922937592623,0.995718755145727,0.8517028085206164,0.9190680059278774,0.9073769142104396,0.5209945661123003,0.003128656035280956
DD-CC-IJSr-bos,boston,3732,3732,0.6350870963871229,0.9234789600643258,0.8914500134012329,0.9815062985794694,0.9941034575180917,0.8796123711467235,0.9102117394800322,0.9482712409541677,0.5205038863575449,0.002948469667594707
DD-CC-IJSr-bos,pittsburgh,2438,2438,0.524006664993363,0.9230611407468199,0.7948297086581863,0.8976200246204349,0.9958965941731638,0.8531961147836679,0.91629052113254,0.8444809191629051,0.47312269183422245,0.0032830371162359375
DD-CC-IJSr-bos,singapore,1915,1915,0.4781281011050673,0.9764890282131661,0.7027168234064786,0.945141065830721,0.9984326018808778,0.7042538116804156,0.9665621734587252,0.8155694879832811,0.522466039707419,0.003657573229190791
DD-CC-IJSr-bos,vegas,4065,4065,0.6399953109657791,0.9200295275590551,0.8777066929133858,0.9896653543307086,0.9970472440944882,0.8946671722906614,0.9032972440944882,0.9399606299212598,0.5376476377952756,0.002460740973163954
DD-CC-IJSr-pit,all,12147,12147,0.5660336739672953,0.911246500905648,0.81952906306603,0.9538942861847522,0.9954717602502882,0.8677000178198138,0.8965914704429441,0.8901696031615346,0.49892968878643174,0.004692984052921434
DD-CC-IJSr-pit,boston,3732,3732,0.5617625092921414,0.8890377914768158,0.8279281693915841,0.9547038327526133,0.989010989010989,0.8862167402949441,0.8737603859555079,0.9198606271777003,0.5164835164835164,0.0037525977587569005
DD-CC-IJSr-pit,pittsburgh,2438,2438,0.5776241848206248,0.9318834632745179,0.8428395568321707,0.9271645465736562,0.9950759130077965,0.8769338434505036,0.9228559704554781,0.8846942962659007,0.44439885104636845,0.004103796395294922
DD-CC-IJSr-pit,singapore,1915,1915,0.4321802560777396,0.9670846394984326,0.6410658307210031,0.9195402298850575,0.9984326018808778,0.7222223471029852,0.9602925809822361,0.7920585161964472,0.5036572622779519,0.005225104613129701
DD-CC-IJSr-pit,vegas,4065,4065,0.6208310496794186,0.890625,0.8769685039370079,0.9812992125984252,0.9953248031496064,0.916128214223089,0.8649114173228346,0.9124015748031495,0.5253444881889764,0.0031989632651131406
DD-CC-IJSr-sin,boston,3732,3732,0.4746942531963702,0.7657464486732779,0.8689359421066739,0.9446529080675422,0.9812382739212007,0.8662801996482835,0.7456445993031359,0.9021709997319753,0.5213079603323505,0.0013402134852703214
DD-CC-IJSr-sin,pittsburgh,2438,2438,0.4276751971664121,0.8754616331555192,0.7624128026261797,0.8354534263438654,0.9909725071809603,0.8138319370287714,0.8563807960607305,0.8013951579811244,0.49240869922035285,0.0016415185581179687
DD-CC-IJSr-sin,singapore,1915,1915,0.47562692765102393,0.9610762800417973,0.6901776384535004,0.9811912225705329,0.9984326018808778,0.727332674274935,0.9555903866248694,0.8620689655172413,0.48171368861024033,0.0026125523065648505
DD-CC-IJSr-sin,vegas,4065,4065,0.5338963250769372,0.7979822834645669,0.8604822834645669,0.9766240157480316,0.9891732283464567,0.9089390861515196,0.7669783464566929,0.9082185039370079,0.5282972440944882,0.003937185557062326
DD-CC-IJSr-veg,boston,3732,3732,0.6311910014641288,0.9155722326454034,0.8153310104529617,0.9631466094880728,0.9898150629857947,0.861169556055614,0.887161618868936,0.9300455641919056,0.9774859287054409,0.16323800250592516
DD-CC-IJSr-veg,pittsburgh,2438,2438,0.5218741899625761,0.9125974558883874,0.7295855560114896,0.8715633976200245,0.9942552318424293,0.8246742748466777,0.9015182601559295,0.8223225276979893,0.9589659417316372,0.1518404666259121
DD-CC-IJSr-veg,singapore,1915,1915,0.5019198155744755,0.9689132706374085,0.6635318704284221,0.9383490073145246,0.9979101358411704,0.6790687046911388,0.9613375130616509,0.7831765935214211,0.9848484848484849,0.2560301260433554
DD-CC-IJSr-veg,vegas,4065,4065,0.8497971615397645,0.9801919291338583,0.9795767716535433,1.0,0.9990157480314961,0.9128440596509123,0.9689960629921259,0.9830216535433071,0.9889271653543307,0.21162372369210003
DD-CC-MAEr-bos,all,12147,12147,0.6029316322457725,0.9425325209945661,0.8463691750370492,0.9653383830067511,0.9962127449366046,0.8294347760630151,0.9287008068499917,0.9021900214062243,0.5355672649431912,0.003128656035280956
DD-CC-MAEr-bos,boston,3732,3732,0.6556204239156314,0.9438488340927366,0.8970785312248727,0.9848566068078263,0.9951755561511658,0.8536912822471407,0.9356740820155454,0.9439828464218708,0.5432859823103726,0.0034845550617028354
DD-CC-MAEr-bos,pittsburgh,2438,2438,0.5378202130656055,0.9339351661879359,0.7997537956503898,0.9035699630693476,0.9963069347558474,0.8381579527881149,0.9220352892901109,0.8383258104226509,0.48748461222814937,0.002462277837176953
DD-CC-MAEr-bos,singapore,1915,1915,0.4858581177405697,0.9704806687565308,0.7163009404388715,0.9454022988505747,0.9984326018808778,0.6897661110228864,0.9608150470219435,0.8160919540229885,0.5454545454545454,0.004180083690503761
DD-CC-MAEr-bos,vegas,4065,4065,0.6480853164364644,0.9349163385826772,0.8831200787401575,0.9918799212598425,0.9968011811023623,0.8707577880069515,0.9109251968503936,0.9436515748031495,0.5524114173228346,0.00270681507048035
DD-CC-MAEr-pit,boston,3732,3732,0.5240298718151926,0.8669257571696596,0.7866523720182257,0.938354328598231,0.9916912355936747,0.8919529691649064,0.8579469311176628,0.9279013669257571,0.516751541141785,0.0034845550617028354
DD-CC-MAEr-pit,pittsburgh,2438,2438,0.5446410924031705,0.9230611407468199,0.798522773902339,0.9304472712351252,0.9938448912597456,0.8905316917147375,0.915059499384489,0.8965941731637258,0.42511284366023794,0.002462277837176953
DD-CC-MAEr-pit,singapore,1915,1915,0.4054719292361027,0.9563740856844305,0.6128526645768025,0.8803552769070011,0.9989550679205852,0.7566152098396367,0.9440961337513062,0.7941483803552769,0.4702194357366771,0.004702594151816731
DD-CC-MAEr-pit,vegas,4065,4065,0.6148845112603039,0.8929625984251969,0.859251968503937,0.9773622047244095,0.9963090551181103,0.9198227610522796,0.8646653543307086,0.9347933070866142,0.5199311023622047,0.004183259654378722
DD-CC-MAEr-sin,boston,3732,3732,0.4666679329634914,0.7756633610292147,0.8445456982042349,0.9371482176360225,0.981774323237738,0.8701601967124217,0.7547574376842671,0.8742964352720449,0.5183596890913964,0.0024123842734865785
DD-CC-MAEr-sin,pittsburgh,2438,2438,0.4250199197979362,0.8773081657775955,0.7574887156339762,0.8247845711940911,0.9897414854329094,0.8165172619865804,0.8658186294624538,0.7870332375871973,0.48502256873204763,0.002462277837176953
DD-CC-MAEr-sin,singapore,1915,1915,0.5339025129040647,0.9636886102403344,0.7648902821316615,0.9793625914315569,0.9973876698014629,0.7276909153944284,0.9597701149425287,0.8761755485893417,0.4958202716823406,0.004180083690503761
DD-CC-MAEr-sin,vegas,4065,4065,0.5274549277153964,0.7903543307086615,0.8476870078740157,0.968873031496063,0.9886811023622047,0.9113507206257884,0.7605807086614174,0.8998523622047244,0.5292814960629921,0.0031989632651131406
DD-CC-MAEr-veg,boston,3732,3732,0.6394743016151391,0.9265612436344144,0.8147949611364246,0.96555883141249,0.9919592602519431,0.8652815767769207,0.9102117394800322,0.9287054409005628,0.9772179040471723,0.13536156201230246
DD-CC-MAEr-veg,pittsburgh,2438,2438,0.525238638904584,0.9183422240459581,0.7340993024210095,0.8652031185884284,0.9963069347558474,0.8267549117365045,0.9142388182191218,0.8210915059499384,0.9634796881411571,0.1206516140216707
DD-CC-MAEr-veg,singapore,1915,1915,0.49476043545559395,0.964994775339603,0.654649947753396,0.9250261233019853,0.9973876698014629,0.6899462357631845,0.9592476489028213,0.7889237199582027,0.9864158829676071,0.2325171552842717
DD-CC-MAEr-veg,vegas,4065,4065,0.8523748902228525,0.984375,0.9783464566929134,1.0,0.9985236220472441,0.9180834119127337,0.9776082677165355,0.9891732283464567,0.9867125984251969,0.18898490673899168
DD-CC-Rn34-bos,all,12147,12147,0.5375345931090879,0.8652231187222131,0.8261979252428783,0.9423678577309402,0.9913551786596411,0.9018500545796777,0.8508974147867611,0.9034249958834185,0.4872385970689939,0.003787320463761157
DD-CC-Rn34-bos,boston,3732,3732,0.5761444206508323,0.8470919324577861,0.8826051996783705,0.9752077191101581,0.9874028410613777,0.9216876810112697,0.8362369337979094,0.9474671669793622,0.5087108013937283,0.007505195517513801
DD-CC-Rn34-bos,pittsburgh,2438,2438,0.4864114489085196,0.875666803446861,0.7968814115716044,0.8877718506360279,0.9913828477636439,0.8866909907060838,0.8649979482970865,0.8608945424702503,0.4567090685268773,0.0032830371162359375
DD-CC-Rn34-bos,singapore,1915,1915,0.42375705642726796,0.9545454545454546,0.6280041797283177,0.8795715778474399,0.9968652037617555,0.7900591158932466,0.9467084639498432,0.8119122257053292,0.45350052246603967,0.006270125535755641
DD-CC-Rn34-bos,vegas,4065,4065,0.5861060892058175,0.8346456692913385,0.8875492125984252,0.9795767716535433,0.9899114173228346,0.9470979137898459,0.8080708661417323,0.9399606299212598,0.4854822834645669,0.001968592778531163
DD-CC-Rn34-pit,all,12147,12147,0.5650560793359908,0.904865799440145,0.825292277292936,0.9615922937592623,0.9951424337230365,0.8698192288262105,0.89395685822493,0.9109995060102091,0.49942367857730935,0.003210989088840981
DD-CC-Rn34-pit,boston,3732,3732,0.5766898869809122,0.8859555079067274,0.854194585901903,0.9639506834628786,0.9916912355936747,0.8786689589724593,0.870008040739748,0.9346019833824711,0.5199678370410078,0.0026804269705406427
DD-CC-Rn34-pit,pittsburgh,2438,2438,0.5803677374383972,0.926343865408289,0.8506360279031595,0.9521953221173575,0.9954862535904802,0.8831129432133655,0.913007796471071,0.9097250718096019,0.44234714813295034,0.002462277837176953
DD-CC-Rn34-pit,singapore,1915,1915,0.41402141301680107,0.963166144200627,0.6165099268547545,0.9064785788923719,0.9973876698014629,0.7369183893282745,0.9535005224660398,0.7972831765935214,0.477533960292581,0.0026125523065648505
DD-CC-Rn34-pit,vegas,4065,4065,0.615409576589427,0.8829970472440946,0.8826279527559054,0.9896653543307086,0.9933562992125985,0.9158553354433894,0.8730314960629921,0.9421751968503936,0.5314960629921259,0.002952889167796745
DD-CC-Rn34-sin,boston,3732,3732,0.3791584559876732,0.7377378718842134,0.6979362101313321,0.9069954435808094,0.9807022246046636,0.8529480597549393,0.7169659608683999,0.8724202626641651,0.5545430179576522,0.0037525977587569005
DD-CC-Rn34-sin,pittsburgh,2438,2438,0.3412069723924655,0.8559704554780468,0.6040213377102995,0.7827246614690193,0.990151826015593,0.7955520672212775,0.8346327451784981,0.7295855560114896,0.5342634386540829,0.002051898197647461
DD-CC-Rn34-sin,singapore,1915,1915,0.542801718393664,0.9702194357366771,0.7763845350052246,0.9689132706374085,0.9979101358411704,0.7435130943699545,0.9582027168234065,0.8746081504702194,0.4942528735632184,0.0020900418452518806
DD-CC-Rn34-sin,vegas,4065,4065,0.4613256438758571,0.7584891732283465,0.7733759842519684,0.9276574803149605,0.9901574803149605,0.8918647811963049,0.7204724409448818,0.9060039370078741,0.5413385826771654,0.005167556043644303
DD-CC-Rn34-veg,boston,3732,3732,0.6743429888947698,0.9352720450281427,0.838917180380595,0.9668989547038328,0.9927633342267489,0.8563479114120635,0.9169123559367462,0.9319217367997855,0.9798981506298579,0.23882604307517127
DD-CC-Rn34-veg,pittsburgh,2438,2438,0.5533737738897024,0.9271645465736562,0.7496922445629873,0.8621255642183012,0.9954862535904802,0.83549518434682,0.9158801805498563,0.8264259335248256,0.9626590069757899,0.22324652390404373
DD-CC-Rn34-veg,singapore,1915,1915,0.49790541465273674,0.964994775339603,0.6410658307210031,0.9393939393939394,0.9968652037617555,0.6905726956649154,0.95141065830721,0.8056426332288401,0.9848484848484849,0.34119933123736945
DD-CC-Rn34-veg,vegas,4065,4065,0.8581179139729911,0.984744094488189,0.9771161417322836,1.0,0.9975393700787402,0.912893481764766,0.9790846456692914,0.9825295275590551,0.9908956692913385,0.26010032086343
